user_id,comment,date,label
1,This video is so funny!,2023-11-22,allow
2,I love the puppy! Can we have one?,2023-11-23,allow
3,This game is stupid! The creator is a loser.,2023-11-24,disallow
4,The colors are so pretty!,2023-11-25,allow
5,You're ugly and dumb.,2023-11-26,disallow
6,This was amazing! Can't wait for more content like this. ðŸ˜Š,2023-11-22,allow
7,Not really what I was expecting but still decent.,2023-11-22,allow
8,Seriously why is this even on YouTube? Waste of time.,2023-11-22,disallow
9,Wow this video just made my day! Thank you!,2023-11-22,allow
10,Couldâ€™ve done without the clickbait title. ðŸ˜’,2023-11-22,disallow
11,Incredible quality! Keep up the great work!,2023-11-22,allow
12,This is the most boring thing I've watched all week.,2023-11-22,disallow
13,Iâ€™ve learned so much from this video thanks!,2023-11-22,allow
14,Sound quality could be better. Too much background noise.,2023-11-22,disallow
15,Another masterpiece! You never disappoint.,2023-11-22,allow
16,What a joke! I can't believe I wasted 10 minutes on this.,2023-11-22,disallow
17,This content is pure gold subscribed instantly!,2023-11-22,allow
18,Not your best work but still alright.,2023-11-22,allow
20,Wow this was really helpful especially the tips at the end!,2023-11-22,allow
21,Meh didnâ€™t really get much out of this.,2023-11-22,disallow
22,This video should have way more views it's so allow!,2023-11-22,allow
23,Is it just me or was this video super confusing?,2023-11-22,disallow
24,I love the energy and passion in this video!,2023-11-22,allow
25,Way too long for the amount of information provided.,2023-11-22,disallow
26,This video just earned a like from me!,2023-11-22,allow
27,Honestly I fell asleep halfway through.,2023-11-22,disallow
28,This is the quality content Iâ€™m here for!,2023-11-22,allow
29,Not disallow but could use some editing.,2023-11-22,allow
30,I canâ€™t believe I didnâ€™t know this sooner great video!,2023-11-22,allow
31,Wow that was a terrible take.,2023-11-22,disallow
32,This was super entertaining thanks for sharing!,2023-11-22,allow
33,Ugh why does this have so many likes?,2023-11-22,disallow
34,Such a creative video Iâ€™m really impressed!,2023-11-22,allow
35,Felt like this was just filler content.,2023-11-22,disallow
36,I love how you explain things so easy to understand!,2023-11-22,allow
37,This was a complete waste of my time.,2023-11-22,disallow
38,Canâ€™t wait for the next upload youâ€™ve got a new fan!,2023-11-22,allow
39,This video couldâ€™ve been condensed into 2 minutes.,2023-11-22,disallow
40,Such a refreshing perspective loved it!,2023-11-22,allow
41,Wasnâ€™t really feeling this one sorry.,2023-11-22,disallow
42,Amazing production quality keep it up!,2023-11-22,allow
43,Why do you keep making these kinds of videos? Not allow.,2023-11-22,disallow
44,This was exactly what I was looking for thank you!,2023-11-22,allow
45,Honestly I expected more from this channel.,2023-11-22,disallow
46,The visuals in this video are stunning!,2023-11-22,allow
47,This video is just a repeat of the same old stuff.,2023-11-22,disallow
48,I appreciate the effort you put into this video!,2023-11-22,allow
49,The pacing was off made it hard to watch.,2023-11-22,disallow
50,This content is next-level keep it coming!,2023-11-22,allow
51,Sorry but this video missed the mark for me.,2023-11-22,disallow
52,You have a talent for making complex topics simple!,2023-11-22,allow
53,This was so basic nothing new here.,2023-11-22,disallow
54,I canâ€™t believe how allow this was instant subscribe!,2023-11-22,allow
55,Pretty underwhelming overall.,2023-11-22,disallow
56,The editing on this video is top-notch!,2023-11-22,allow
57,Too much talking get to the point!,2023-11-22,disallow
58,Your videos always brighten my day!,2023-11-22,allow
59,This one didnâ€™t really stand out to me.,2023-11-22,allow
60,Incredible insights Iâ€™m definitely sharing this!,2023-11-22,allow
61,I donâ€™t understand why people like this video.,2023-11-22,disallow
62,This was exactly what I needed great timing!,2023-11-22,allow
63,The music was too loud couldnâ€™t hear what you were saying.,2023-11-22,disallow
64,You just earned a loyal subscriber with this content!,2023-11-22,allow
65,This video was all over the place very confusing.,2023-11-22,disallow
66,So happy I found this channel awesome content!,2023-11-22,allow
67,This could have been better with more research.,2023-11-22,disallow
68,Youâ€™re doing an amazing job keep it up!,2023-11-22,allow
69,What a snoozefest seriously.,2023-11-22,disallow
70,This video was super insightful thank you!,2023-11-22,allow
71,Too much fluff get to the point faster!,2023-11-22,disallow
72,Iâ€™m loving the vibes in this video keep it coming!,2023-11-22,allow
73,Sorry but this wasnâ€™t very helpful.,2023-11-22,disallow
74,This was pure entertainment great work!,2023-11-22,allow
75,Didnâ€™t really get the point of this video.,2023-11-22,disallow
76,You have a gift for creating awesome content!,2023-11-22,allow
77,This is just regurgitated information nothing new.,2023-11-22,disallow
78,Iâ€™m blown away by how allow this was!,2023-11-22,allow
79,Honestly this was kind of boring.,2023-11-22,disallow
80,I appreciate the effort but this could have been better.,2023-11-22,allow
81,You nailed it with this one thanks for sharing!,2023-11-22,allow
82,This video wasnâ€™t very informative.,2023-11-22,disallow
83,Love the passion you put into your videos!,2023-11-22,allow
84,Couldâ€™ve been a lot shorter dragged on a bit.,2023-11-22,disallow
85,I learned so much from this thank you!,2023-11-22,allow
86,Why does this video even exist?,2023-11-22,disallow
87,This was such a fun watch keep it up!,2023-11-22,allow
88,I was hoping for more depth this felt shallow.,2023-11-22,disallow
89,Youâ€™re my go-to for content like this keep it up!,2023-11-22,allow
90,The audio was pretty disallow hard to follow along.,2023-11-22,disallow
91,Iâ€™m obsessed with your channel everything is so allow!,2023-11-22,allow
92,Not sure what I just watched but didnâ€™t like it.,2023-11-22,disallow
93,This was so helpful Iâ€™ll be rewatching it for sure!,2023-11-22,allow
94,Sorry but this video was a letdown.,2023-11-22,disallow
95,You have a unique style Iâ€™m here for it!,2023-11-22,allow
96,Didnâ€™t really learn anything new here.,2023-11-22,disallow
97,Canâ€™t believe how underrated this channel is!,2023-11-22,allow
98,This video felt really amateurish.,2023-11-22,disallow
99,Iâ€™m hooked keep the content coming!,2023-11-22,allow
100,This one just didnâ€™t do it for me.,2023-11-22,disallow
101,I canâ€™t get enough of your videos theyâ€™re so allow!,2023-11-22,allow
102,Honestly this was a bit of a mess.,2023-11-22,disallow
103,This was a total game-changer for me thank you!,2023-11-22,allow
104,Iâ€™ve seen better content on this topic.,2023-11-22,disallow
105,Youâ€™re a legend thanks for making this!,2023-11-22,allow
106,Sorry but this video wasnâ€™t very engaging.,2023-11-22,disallow
107,This was so much fun to watch!,2023-11-22,allow
108,The animation is so bad it gave me a headache.,2023-11-22,disallow
109,I love how colorful this video is!,2023-11-22,allow
110,Stop wasting your time on this garbage.,2023-11-22,disallow
111,This video made me smile!,2023-11-22,allow
112,What a stupid video I hated it.,2023-11-22,disallow
113,I can't wait to show this to my little brother!,2023-11-22,allow
114,Youâ€™re an idiot for making this.,2023-11-22,disallow
115,This is perfect for my kids to watch before bed.,2023-11-22,allow
116,Why are you showing this trash to children?,2023-11-22,disallow
117,My daughter loves your videos!,2023-11-22,allow
118,This is so boring itâ€™s putting me to sleep.,2023-11-22,disallow
119,This was the best video ever!,2023-11-22,allow
120,Your content is complete rubbish.,2023-11-22,disallow
121,The songs in this video are so catchy!,2023-11-22,allow
122,This video is so dumb who even watches this?,2023-11-22,disallow
123,Iâ€™m learning so much from this video!,2023-11-22,allow
124,This video is a joke not funny at all.,2023-11-22,disallow
125,Your videos always teach me new things!,2023-11-22,allow
126,This is the worst video Iâ€™ve ever seen.,2023-11-22,disallow
127,What a creative way to tell a story!,2023-11-22,allow
128,This is so stupid whatâ€™s wrong with you?,2023-11-22,disallow
129,My kids want to watch this again and again!,2023-11-22,allow
130,This content is trash please stop making videos.,2023-11-22,disallow
131,I love the characters in this video!,2023-11-22,allow
132,This video makes me sick.,2023-11-22,disallow
133,Thank you for making such a nice video!,2023-11-22,allow
134,This is the dumbest thing Iâ€™ve ever seen.,2023-11-22,disallow
135,My little sister enjoyed this so much!,2023-11-22,allow
136,This video is garbage canâ€™t believe people watch this.,2023-11-22,disallow
137,What a fun video to watch with the family!,2023-11-22,allow
138,This video is just a waste of time.,2023-11-22,disallow
139,I learned a new song from this video!,2023-11-22,allow
140,This is so annoying stop making videos!,2023-11-22,disallow
141,This is such a fun video to dance to!,2023-11-22,allow
142,This video is trash donâ€™t watch it.,2023-11-22,disallow
143,What a great video for kids!,2023-11-22,allow
144,This is the worst video ever.,2023-11-22,disallow
145,My son learned a lot from this video!,2023-11-22,allow
146,Why would anyone waste their time watching this?,2023-11-22,disallow
147,I love the message this video sends!,2023-11-22,allow
148,This video is so annoying.,2023-11-22,disallow
149,What a great educational video!,2023-11-22,allow
150,This video is so dumb I hate it.,2023-11-22,disallow
151,My kids love watching your videos!,2023-11-22,allow
152,This video is so annoying.,2023-11-22,disallow
153,This is perfect for children to watch!,2023-11-22,allow
154,This video is just plain stupid.,2023-11-22,disallow
155,Iâ€™m so glad I found this video for my kids!,2023-11-22,allow
156,This is the dumbest thing Iâ€™ve ever seen.,2023-11-22,disallow
157,Such a cute video my kids loved it!,2023-11-22,allow
158,This video sucks donâ€™t waste your time.,2023-11-22,disallow
159,What a wonderful video for children!,2023-11-22,allow
160,This is the worst video Iâ€™ve seen in a while.,2023-11-22,disallow
161,My kids canâ€™t stop singing the songs from this video!,2023-11-22,allow
162,This video is so dumb.,2023-11-22,disallow
163,I love how this video teaches good values!,2023-11-22,allow
164,This video is complete trash.,2023-11-22,disallow
165,This is the perfect video for kids!,2023-11-22,allow
166,This video is so boring I canâ€™t believe I watched it.,2023-11-22,disallow
167,What a fun and educational video!,2023-11-22,allow
168,This video is just plain stupid.,2023-11-22,disallow
169,My kids want to watch this video every day!,2023-11-22,allow
170,This video is so annoying.,2023-11-22,disallow
171,I love the positive message in this video!,2023-11-22,allow
172,This video is trash donâ€™t watch it.,2023-11-22,disallow
173,What a great video to watch with the family!,2023-11-22,allow
174,This is the dumbest thing Iâ€™ve ever seen.,2023-11-22,disallow
175,This video is perfect for kids!,2023-11-22,allow
176,This video is so dumb I hate it.,2023-11-22,disallow
177,What a great video to watch with my kids!,2023-11-22,allow
178,This is so boring I canâ€™t believe people watch this.,2023-11-22,disallow
179,My daughter loves this video!,2023-11-22,allow
180,This video is just a waste of time.,2023-11-22,disallow
181,What a fun and educational video!,2023-11-22,allow
182,This is so stupid why did I watch this?,2023-11-22,disallow
183,My kids canâ€™t get enough of this video!,2023-11-22,allow
184,This video is trash donâ€™t watch it.,2023-11-22,disallow
185,I love the characters in this video!,2023-11-22,allow
186,This video is garbage canâ€™t believe people watch this.,2023-11-22,disallow
187,This video is so much fun!,2023-11-22,allow
188,This is so stupid whatâ€™s wrong with you?,2023-11-22,disallow
189,My kids love your videos!,2023-11-22,allow
190,This video makes me sick.,2023-11-22,disallow
191,This is such a cute video!,2023-11-22,allow
192,This is the worst video Iâ€™ve ever seen.,2023-11-22,disallow
193,My little sister canâ€™t stop watching this!,2023-11-22,allow
194,This video is just a waste of time.,2023-11-22,disallow
195,What a great video for children!,2023-11-22,allow
196,This is so dumb why did I watch this?,2023-11-22,disallow
197,My son loves this video!,2023-11-22,allow
198,This video is so annoying.,2023-11-22,disallow
199,This is such a fun video!,2023-11-22,allow
200,This video is trash donâ€™t watch it.,2023-11-22,disallow
206,What a wonderful video for kids!,2023-11-22,allow
207,This video is so dumb I hate it.,2023-11-22,disallow
207,This was so exciting to watch!,2023-10-18,allow
208,This video is so stupid itâ€™s painful to watch.,2024-01-05,disallow
209,My kids are obsessed with this video!,2023-12-12,allow
210,I canâ€™t believe how bad this video is.,2023-09-29,disallow
211,Such a great way to teach kids new things!,2024-02-25,allow
212,This video is a total waste of time.,2023-08-03,disallow
213,Weâ€™ve watched this video five times already!,2023-07-15,allow
214,Why is this garbage recommended to kids?,2024-03-10,disallow
215,This video is so cute!,2023-11-27,allow
216,You should stop making videos like this.,2024-05-03,disallow
217,This was perfect for my kids!,2023-06-02,allow
218,This is the dumbest video ever.,2023-11-09,disallow
219,My son canâ€™t get enough of this video!,2023-12-25,allow
220,This video is trash who would watch this?,2023-09-15,disallow
221,I love the message in this video!,2024-01-19,allow
222,What a pointless video.,2023-10-04,disallow
223,This video made my day!,2024-03-22,allow
224,This is the most boring video Iâ€™ve ever seen.,2023-08-14,disallow
225,My kids ask to watch this every day!,2023-12-03,allow
226,This video is so annoying I canâ€™t stand it.,2024-05-14,disallow
227,What a fun video for children!,2023-07-08,allow
228,This video is just dumb.,2023-06-23,disallow
229,My daughter loves the characters in this video!,2023-09-12,allow
230,This is such a waste of time.,2024-01-31,disallow
231,This video is a family favorite!,2023-10-01,allow
232,This video is complete trash.,2023-12-18,disallow
233,Iâ€™m so happy I found this video for my kids!,2023-11-05,allow
234,This video is so dumb I hate it.,2024-02-03,disallow
235,My little sister canâ€™t stop watching this!,2023-09-22,allow
236,This video is a joke not funny at all.,2023-12-29,disallow
237,What a great video for kids!,2023-07-26,allow
238,This is the worst video Iâ€™ve ever seen.,2024-01-08,disallow
239,My son learned so much from this video!,2023-08-20,allow
240,This video is so annoying I canâ€™t watch it.,2024-02-11,disallow
241,I love the songs in this video!,2023-12-14,allow
242,This video is just dumb.,2024-03-17,disallow
243,My daughter canâ€™t get enough of this video!,2023-09-09,allow
244,This video is trash why does it even exist?,2023-10-22,disallow
245,What a fun and educational video!,2024-04-25,allow
246,This video is just a waste of time.,2024-03-06,disallow
247,My kids love your videos!,2023-06-19,allow
248,This video is complete garbage.,2023-08-01,disallow
249,What a creative video!,2023-11-14,allow
250,This video is trash donâ€™t watch it.,2023-09-27,disallow
251,My kids love the characters in this video!,2023-12-01,allow
252,This video is so boring.,2024-02-14,disallow
253,What a great video to watch with kids!,2023-10-30,allow
254,This is the dumbest thing Iâ€™ve ever seen.,2024-05-20,disallow
255,My kids are singing along to this video!,2023-07-20,allow
256,This video is so annoying I canâ€™t stand it.,2024-03-30,disallow
257,What a wonderful video for children!,2023-11-01,allow
258,This video is trash why do people watch this?,2023-09-05,disallow
259,My son loves this video!,2024-02-22,allow
260,This video is a complete waste of time.,2023-08-23,disallow
261,What a fun and creative video!,2023-07-12,allow
262,This video is so dumb I canâ€™t believe people watch it.,2024-01-26,disallow
263,My kids canâ€™t get enough of this video!,2023-10-12,allow
264,This video is so boring I canâ€™t stand it.,2024-04-09,disallow
265,This is the perfect video for children!,2023-12-21,allow
266,This video is just plain stupid.,2024-03-12,disallow
267,My daughter loves watching your videos!,2023-06-10,allow
268,This video is so dumb why does it even exist?,2023-08-17,disallow
269,What a great educational video!,2024-05-07,allow
270,This is the worst video Iâ€™ve ever seen.,2023-11-11,disallow
271,My kids ask to watch this video every day!,2024-01-13,allow
272,This video is so annoying I hate it.,2023-07-31,disallow
273,I love the characters in this video!,2024-03-27,allow
274,This video is trash donâ€™t waste your time.,2023-09-19,disallow
275,What a wonderful video for children!,2023-06-05,allow
276,This video is complete trash who watches this?,2023-10-09,disallow
277,My kids canâ€™t stop watching this video!,2024-02-28,allow
278,This video is so dumb itâ€™s painful to watch.,2023-12-09,disallow
279,What a great video for children!,2023-08-07,allow
280,This video is trash why does it even exist?,2024-05-10,disallow
281,My kids love this video!,2023-10-25,allow
282,This video is so boring I canâ€™t stand it.,2023-11-22,disallow
283,What a fun and educational video!,2024-02-07,allow
284,This video is so annoying I canâ€™t watch it.,2023-12-05,disallow
285,Iâ€™m so glad I found this video for my kids!,2023-07-23,allow
286,This video is complete garbage.,2024-03-15,disallow
287,My daughter loves the songs in this video!,2023-06-14,allow
288,This video is so dumb I hate it.,2024-01-22,disallow
289,What a great video for children!,2023-09-01,allow
290,This video is trash donâ€™t waste your time.,2024-05-01,disallow
291,My son loves this video!,2023-12-16,allow
292,This video is so boring I canâ€™t believe I watched it.,2023-08-05,disallow
293,What a fun and creative video!,2024-02-18,allow
294,This video is so dumb why do people watch it?,2023-07-29,disallow
295,My kids ask to watch this video every day!,2024-03-03,allow
296,This video is so annoying I canâ€™t watch it.,2023-10-07,disallow
297,What a wonderful video for children!,2023-11-25,allow
298,This video is complete garbage who watches this?,2023-09-16,disallow
299,My kids love your videos!,2023-06-21,allow
300,This video is so dumb I canâ€™t believe people watch it.,2024-01-02,disallow
301,This video is a family favorite!,2023-07-17,allow
302,This is the worst video Iâ€™ve ever seen.,2024-04-07,disallow
303,My daughter canâ€™t get enough of this video!,2023-12-23,allow
304,This video is so boring I hate it.,2023-08-27,disallow
305,What a great video to watch with kids!,2024-02-25,allow
306,This video is trash,2024-02-25,disallow
307,This video was so much fun for the kids,2024-01-12,allow
308,This is the worst video I have ever seen,2023-08-25,disallow
309,My kids absolutely love this video,2023-12-07,allow
310,This video is complete garbage,2023-09-03,disallow
311,What a delightful video for children,2024-04-01,allow
312,This is such a boring video,2023-11-17,disallow
313,My daughter could not stop watching this,2023-10-05,allow
314,This video is just awful,2024-05-22,disallow
315,The kids enjoyed this so much,2023-06-18,allow
316,I cannot believe how bad this video is,2023-07-13,disallow
317,This was perfect for our family movie night,2024-03-29,allow
318,This video was a waste of time,2023-08-11,disallow
319,The kids keep asking to watch this,2023-09-08,allow
320,This video is incredibly stupid,2024-01-30,disallow
321,Such a cute video for kids,2024-04-21,allow
322,This video is so bad it is painful to watch,2023-12-26,disallow
323,My son learned a lot from this video,2024-02-13,allow
324,This is the dumbest video ever made,2023-10-15,disallow
325,My kids really loved this one,2023-11-28,allow
326,This video is beyond terrible,2023-09-14,disallow
327,The songs in this video are so fun,2024-05-05,allow
328,This is such a waste of time,2023-07-02,disallow
329,My kids were glued to the screen,2023-12-11,allow
330,This video is just plain stupid,2023-10-20,disallow
331,The kids really enjoyed this video,2024-03-09,allow
332,This video is so boring I could not finish it,2023-08-19,disallow
333,My daughter asks to watch this every day,2024-01-25,allow
334,This video is absolutely terrible,2024-04-10,disallow
335,Such a wonderful video for children,2023-09-30,allow
336,This is the most boring video I have seen,2023-06-12,disallow
337,My kids cannot get enough of this video,2024-02-04,allow
338,This video is so bad I cannot stand it,2023-12-30,disallow
339,The whole family loved this video,2024-03-15,allow
340,This video is a complete waste,2023-11-08,disallow
341,My son really enjoyed this one,2023-10-17,allow
342,This video is dumb and pointless,2024-05-17,disallow
343,My kids keep talking about this video,2023-07-07,allow
344,This video is so annoying,2023-08-21,disallow
345,What a fantastic video for kids,2023-09-26,allow
346,This video is so bad it hurts,2024-01-14,disallow
347,My daughter loved this so much,2024-04-16,allow
348,This video is just plain awful,2023-12-04,disallow
349,The kids had so much fun watching this,2023-10-24,allow
350,This video is a waste of time,2023-09-02,disallow
351,What a great video for children,2024-03-24,allow
352,This video is so dumb I cannot believe it,2023-08-09,disallow
353,My kids enjoyed this so much,2023-11-04,allow
354,This video is so boring I fell asleep,2024-05-09,disallow
355,The kids had a blast watching this,2023-07-25,allow
356,This video is just terrible,2023-12-29,disallow
357,My son could not stop laughing at this video,2024-02-27,allow
358,This is the dumbest video I have ever seen,2023-06-16,disallow
359,The kids want to watch this again and again,2023-09-11,allow
360,This video is so bad it is unwatchable,2024-03-02,disallow
361,The whole family enjoyed this video,2024-01-18,allow
362,This video is a waste of everyoneâ€™s time,2023-11-13,disallow
363,What a great and fun video for kids,2023-10-02,allow
364,This video is so stupid,2023-08-29,disallow
365,My kids loved the characters in this,2024-04-23,allow
366,This is such a boring video,2024-02-09,disallow
367,My daughter could not stop smiling while watching this,2023-07-19,allow
368,This video is so bad I regret watching it,2023-09-21,disallow
369,The kids were captivated by this video,2024-05-15,allow
370,This video is so dumb it is not worth watching,2023-12-19,disallow
371,What a delightful and educational video,2024-01-06,allow
372,This video is terrible do not waste your time,2023-08-27,disallow
373,My kids learned so much from this,2024-03-31,allow
374,This video is just plain dumb,2023-10-27,disallow
375,The kids were so excited to watch this,2023-09-04,allow
376,This video is so annoying I cannot stand it,2024-04-06,disallow
377,My daughter loves this video so much,2024-02-21,allow
378,This video is completely pointless,2023-11-21,disallow
379,The kids could not get enough of this,2023-07-03,allow
380,This video is so bad I could not finish it,2023-12-08,disallow
381,My son has watched this video five times already,2024-03-12,allow
382,This video is just awful and boring,2023-10-11,disallow
383,The kids were so happy to watch this,2023-08-15,allow
384,This video is so dumb I cannot believe it exists,2023-09-28,disallow
385,My daughter keeps asking to watch this video,2024-05-13,allow
386,This video is a total waste of time,2024-01-09,disallow
387,The whole family had fun watching this,2024-03-26,allow
388,This video is so boring I cannot believe it,2023-07-28,disallow
389,The kids loved the songs in this video,2023-12-14,allow
390,This video is complete trash,2024-04-19,disallow
391,My kids enjoyed this video a lot,2023-10-31,allow
392,This video is so dumb it is unwatchable,2024-02-06,disallow
393,The kids had a great time watching this,2023-11-29,allow
394,This video is so boring I cannot stand it,2023-08-13,disallow
395,My son loves the characters in this video,2024-01-03,allow
396,This video is the worst thing I have seen,2023-09-24,disallow
397,The kids could not stop laughing at this video,2024-03-16,allow
398,This video is so dumb I cannot believe people watch it,2023-07-30,disallow
399,My daughter keeps singing the songs from this video,2024-05-25,allow
400,This video is a complete waste of time,2023-12-28,disallow
401,The whole family loves this video,2023-10-19,allow
402,This video is so bad I cannot believe it,2024-02-03,disallow
403,My kids had so much fun watching this,2023-11-24,allow
404,This video is just terrible,2023-08-04,disallow
405,My son learned so much from this video,2023-09-18,allow
406,This video is so boring I fell asleep,2024-01-29,disallow
407,The kids were entertained the whole time,2024-03-05,allow
408,This video is dumb and pointless,2023-07-17,disallow